first_name,last_name,id,phone_number,email
Dyan,Brownstein,1,+447904787677,dbrownstein0@live.com
Cointon,De Gogay,2,+44 7700 900219,cdegogay1@domainmarket.com
Gustave,Forson,3,+44 7700 900519,gforson2@elpais.com
Mattie,Barabich,4,+44 7700 900203,mbarabich3@symantec.com
Jennie,Swate,5,+44 7700 900015,jswate4@privacy.gov.au
Valida,Gorch,6,+44 7700 900210,vgorch5@fema.gov
Lane,Vondrak,7,+86 389 238 6872,lvondrak6@sciencedaily.com
Moyna,Dadge,8,+63 519 879 7083,mdadge7@1688.com
Merissa,Sydall,9,+55 325 385 7373,msydall8@yahoo.co.jp
Janis,Bleckly,10,07700 900356,jbleckly9@narod.ru
Denice,Fawson,11,07700 900157,dfawsona@reuters.com
Flora,Bearfoot,12,07700 900275,fbearfootb@flickr.com
Sammy,Cluet,13,07700 900095,scluetc@live.com
Julieta,Connors,14,07700 900227,jconnorsd@cdbaby.com
Emmy,Varley,15,07700 900294,evarleye@hao123.com
Tulley,Easterling,16,+52 328 643 9389,teasterlingf@privacy.gov.au
Gerry,Castilljo,17,+86 205 252 5217,gcastilljog@intel.com
Katharina,Whaymand,18,+86 691 270 6513,kwhaymandh@mozilla.org
Fabien,Keuneke,19,+86 136 166 3749,fkeunekei@spotify.com
Dane,Hamer,20,+52 698 293 8076,dhamerj@vinaora.com
Dun,D'Orsay,21,+52 637 721 5200,ddorsayk@thetimes.co.uk
Hillard,Richter,22,+212 310 301 9097,hrichterl@is.gd
Doug,Lawford,23,+48 492 686 1397,dlawfordm@cam.ac.uk
Clemmie,Simacek,24,+358 956 321 2168,csimacekn@trellian.com
Terence,Romagnosi,25,+86 943 853 8161,tromagnosio@sciencedaily.com
Joceline,Coggeshall,26,+7 110 156 6707,jcoggeshallp@g.co
Curt,Le Batteur,27,+7 290 804 1135,clebatteurq@cmu.edu
Lib,Pickring,28,+359 351 393 4672,lpickringr@1688.com
Hobie,Fennessy,29,07700 900780,hfennessys@addtoany.com
Juliane,Gotmann,30,07700 900007,jgotmannt@google.fr
Frank,Boniface,31,07700 900399,fbonifaceu@ibm.com
Karil,Harbison,32,07700 900961,kharbisonv@jalbum.net
Erastus,Minette,33,07700 900721,eminettew@google.nl
Annamaria,Raxworthy,34,07700 900635,araxworthyx@boston.com
Cassie,Edward,35,+7 937 258 7783,cedwardy@themeforest.net
Alphonse,Dey,36,+86 554 216 2379,adeyz@meetup.com
Aubree,Scramage,37,+86 953 455 4001,ascramage10@shinystat.com
Zora,Colecrough,38,+7 970 212 0886,zcolecrough11@jiathis.com
Chickie,Gutowska,39,+998 462 660 2663,cgutowska12@acquirethisname.com
Aloysius,Hogbourne,40,+44 7700 900001,ahogbourne13@elegantthemes.com
Lianne,Drakeley,41,+44 7700 900955,ldrakeley14@a8.net
Paulie,Lauga,42,+44 7700 900175,plauga15@odnoklassniki.ru
Wendy,Dugald,43,+44 7700 900753,wdugald16@wikipedia.org
Marielle,Haller,44,+44 7700 900914,mhaller17@timesonline.co.uk
Parrnell,Monson,45,+44 7700 900727,pmonson18@goodreads.com
Yvonne,Van Velde,46,+81 365 609 8695,yvanvelde19@google.co.uk
Kikelia,Phillcox,47,,kphillcox1a@123-reg.co.uk
Janifer,Isabell,48,+86 960 296 3197,jisabell1b@scribd.com
Harriette,Parry,49,+269 968 220 2483,hparry1c@simplemachines.org
Nadeen,Ielden,50,+351 510 955 8364,nielden1d@surveymonkey.com
Antoine,Cardno,51,+86 549 181 3853,acardno1e@t-online.de
Marla,Chestnutt,52,+86 368 649 9633,mchestnutt1f@tiny.cc
Orelle,Challis,53,07700 900878,ochallis1g@opensource.org
Sarita,Friskey,54,07700 900114,sfriskey1h@shutterfly.com
Batholomew,Friary,55,07700 900185,bfriary1i@webmd.com
Kelley,Poulsom,56,07700 900421,kpoulsom1j@aol.com
Imojean,Rosindill,57,07700 900452,irosindill1k@aol.com
Bevan,Reggler,58,07700 900625,breggler1l@tiny.cc
Germana,Ronchka,59,+81 704 681 7045,gronchka1m@github.com
Richy,Shiel,60,+86 177 409 8970,rshiel1n@bluehost.com
Constantino,Seman,61,+63 850 538 1313,cseman1o@pagesperso-orange.fr
Margit,Cleveley,62,+503 697 957 1789,mcleveley1p@creativecommons.org
Maximo,Vahey,63,+62 697 110 6730,mvahey1q@1688.com
Faye,Greswell,64,+62 593 332 5088,fgreswell1r@earthlink.net
Teddy,McKerton,65,+381 978 476 9812,tmckerton1s@google.com.br
Natasha,Wyldbore,66,+86 878 694 0694,nwyldbore1t@zimbio.com
Kyle,Haliday,67,07700 900878,khaliday1u@paginegialle.it
Ella,Clow,68,07700 900114,eclow1v@ustream.tv
Val,Forstall,69,07700 900185,vforstall1w@shutterfly.com
Town,Saunt,70,07700 900421,tsaunt1x@hc360.com
Janey,Lebourn,71,07700 900452,jlebourn1y@simplemachines.org
Bibby,Krates,72,07700 900625,bkrates1z@businesswire.com
Kira,Cracoe,73,+261 598 926 5655,kcracoe20@ifeng.com
Liam,Ewebank,74,+420 937 472 8794,lewebank21@walmart.com
Sheilakathryn,Alexsandrowicz,75,07700 900389,salexsandrowicz22@studiopress.com
Micky,Orsi,76,07700 900419,morsi23@nyu.edu
Patricia,Strewther,77,07700 900018,pstrewther24@theatlantic.com
Barney,Denington,78,07700 900475,bdenington25@dell.com
Angelique,Dohmer,79,07700 900775,adohmer26@jiathis.com
Doreen,Hubbuck,80,07700 900587,dhubbuck27@slideshare.net
Dulcea,Handslip,81,+86 688 733 4795,dhandslip28@constantcontact.com
Jdavie,Phillip,82,+86 962 241 2875,jphillip29@sakura.ne.jp
Alan,Manjot,83,+380 173 174 0247,amanjot2a@paginegialle.it
Jessika,Rowesby,84,+375 609 984 8984,jrowesby2b@engadget.com
Ky,Di Iorio,85,+44 7700 900353,kdiiorio2c@aol.com
Cloe,Bointon,86,+44 7700 900900,cbointon2d@senate.gov
Lanae,Gleave,87,+44 7700 900771,lgleave2e@hexun.com
Merwin,Chattaway,88,+44 7700 900000,mchattaway2f@yale.edu
Dermot,Rendall,89,+44 7700 900537,drendall2g@alexa.com
Alvan,Muxworthy,90,+44 7700 900588,amuxworthy2h@opera.com
Yancey,Stackbridge,91,+503 517 761 3939,ystackbridge2i@tuttocitta.it
Norah,Robertshaw,92,07700 900389,nrobertshaw2j@unesco.org
Jillayne,Janoch,93,07700 900419,jjanoch2k@privacy.gov.au
Indira,Noke,94,07700 900018,inoke2l@pinterest.com
Kirsteni,Piens,95,07700 900475,kpiens2m@tripadvisor.com
Ephrayim,Schreurs,96,07700 900775,eschreurs2n@amazon.co.jp
Caritta,Laurenson,97,07700 900587,claurenson2o@joomla.org
Marya,Dutnall,98,+86 475 425 4452,mdutnall2p@dot.gov
Vidovic,Pedrick,99,+86 650 174 0970,vpedrick2q@google.co.uk
Giana,Osipov,100,+358 855 305 5779,gosipov2r@nytimes.com
Percy,Halliburton,101,+1 156 644 2370,phalliburton2s@hatena.ne.jp
Drona,Stenhouse,102,+86 207 196 5375,dstenhouse2t@behance.net
Reggi,Saywood,103,+46 939 113 1862,rsaywood2u@smh.com.au
Nikolai,Besemer,104,+7 302 839 9429,nbesemer2v@nymag.com
Gunter,Kremer,105,+44 7700 900727,gkremer2w@cargocollective.com
Carolus,Biermatowicz,106,+44 7700 900301,cbiermatowicz2x@51.la
Karalee,Everitt,107,+44 7700 900753,keveritt2y@comsenz.com
Lukas,Brislane,108,+44 7700 900083,lbrislane2z@csmonitor.com
Dore,Vondrasek,109,+44 7700 900830,dvondrasek30@dell.com
Stevana,Fleg,110,+44 7700 900869,sfleg31@topsy.com
Germaine,Relph,111,+30 376 130 7034,grelph32@cornell.edu
Petronilla,Gainsburgh,112,+86 664 755 6701,pgainsburgh33@home.pl
Patten,Aindriu,113,+86 474 203 3947,paindriu34@nydailynews.com
Lorrayne,Castaignet,114,+86 874 154 7232,lcastaignet35@jigsy.com
Zaria,Welland,115,+57 667 740 9220,zwelland36@com.com
Malissia,Sharpling,116,+358 379 518 8988,msharpling37@businessinsider.com
Reece,Gowling,117,+55 575 561 0806,rgowling38@washingtonpost.com
Sanders,Sisland,118,+1 515 183 7363,ssisland39@fc2.com
Winthrop,Durden,119,+381 367 797 4814,wdurden3a@sbwire.com
Fionnula,Olsen,120,+46 737 157 8315,folsen3b@imgur.com
Milissent,Thorius,121,+33 521 898 3570,mthorius3c@japanpost.jp
Ella,Brace,122,+86 888 399 2293,ebrace3d@fema.gov
Cammy,Popeley,123,+62 764 469 8855,cpopeley3e@scientificamerican.com
Bobinette,Wyse,124,+63 664 920 0376,bwyse3f@ebay.co.uk
Warner,Brittle,125,07700 900389,wbrittle3g@google.fr
My,Levens,126,07700 900419,mlevens3h@elpais.com
Jacky,Batchley,127,07700 900018,jbatchley3i@mashable.com
Gerard,Allflatt,128,07700 900475,gallflatt3j@cisco.com
Fidelity,Mellody,129,07700 900775,fmellody3k@google.cn
Benito,Eake,130,07700 900587,beake3l@lycos.com
Delainey,Cann,131,+420 294 565 2852,dcann3m@constantcontact.com
Ralina,Mablestone,132,+62 631 683 8958,rmablestone3n@indiatimes.com
Merl,Letham,133,+269 248 743 9070,mletham3o@accuweather.com
Kelly,Balsdon,134,+256 123 200 1447,kbalsdon3p@usda.gov
Bathsheba,Thurlow,135,+504 264 868 6779,bthurlow3q@google.ca
Candide,Youel,136,+1 602 983 1838,cyouel3r@phoca.cz
Kanya,McPaik,137,+86 335 118 0499,kmcpaik3s@aboutads.info
Angelico,Nason,138,+51 517 275 5507,anason3t@mysql.com
Tersina,Castro,139,+44 1632 960695,tcastro3u@miitbeian.gov.cn
Krystyna,Gabitis,140,+44 1632 960951,kgabitis3v@china.com.cn
Tate,Hammerberg,141,+44 1632 960003,thammerberg3w@ocn.ne.jp
Christie,Scartifield,142,+44 1632 960795,cscartifield3x@techcrunch.com
Kristan,Haggis,143,+44 1632 960898,khaggis3y@wikipedia.org
Isadora,Burger,144,+44 1632 960917,iburger3z@theglobeandmail.com
Nolie,Faraker,145,+86 381 460 9291,nfaraker40@jigsy.com
Willi,Gotthard,146,+48 851 702 9096,wgotthard41@google.ca
Shannen,Jerdon,147,+86 342 477 9896,sjerdon42@blogs.com
Tam,Mellers,148,+501 801 992 4600,tmellers43@unblog.fr
Eddi,Winspear,149,+62 874 134 4750,ewinspear44@berkeley.edu
Mohammed,Winskill,150,+44 7700 900929,mwinskill45@elpais.com
Nancee,Deavin,151,+44 7700 900376,ndeavin46@cpanel.net
Stoddard,Volonte,152,+44 7700 900678,svolonte47@npr.org
Boyce,Montford,153,+44 7700 900563,bmontford48@msu.edu
Melinda,Josephoff,154,+44 7700 900483,mjosephoff49@clickbank.net
Kayle,Djordjevic,155,+44 7700 900750,kdjordjevic4a@cnet.com
Karina,Koschek,156,+44 7700 900356,kkoschek4b@thetimes.co.uk
Julita,Grendon,157,+44 7700 900157,jgrendon4c@tmall.com
Ronny,Feasby,158,+44 7700 900275,rfeasby4d@arizona.edu
Ragnar,Burrill,159,+44 7700 900095,rburrill4e@domainmarket.com
Nonna,Baud,160,+44 7700 900227,nbaud4f@statcounter.com
Katey,Haps,161,+44 7700 900294,khaps4g@cpanel.net
Raine,Drewe,162,+86 935 971 0781,rdrewe4h@forbes.com
Farleigh,Yuill,163,+62 615 207 8602,fyuill4i@google.co.jp
Hall,Hearse,164,+33 968 345 5593,hhearse4j@bravesites.com
Zelma,Screeton,165,07700 900140,zscreeton4k@engadget.com
Stacy,O' Loughran,166,07700 900256,soloughran4l@buzzfeed.com
Evan,Edgley,167,07700 900633,eedgley4m@indiegogo.com
Jean,Philipet,168,07700 900367,jphilipet4n@rediff.com
Cliff,Insley,169,07700 900345,cinsley4o@jigsy.com
Loydie,Alben,170,07700 900643,lalben4p@ihg.com
Randi,Mulleary,171,+81 951 969 6516,rmulleary4q@ebay.com
Washington,Rillstone,172,+86 672 179 4984,wrillstone4r@csmonitor.com
Errick,Rubra,173,+48 304 411 9442,erubra4s@tiny.cc
Jervis,Barbier,174,+63 636 380 2207,jbarbier4t@ezinearticles.com
Sada,Yakovliv,175,+86 527 236 1302,syakovliv4u@ustream.tv
Noellyn,Coase,176,+63 465 242 6739,ncoase4v@newsvine.com
Colman,Godwyn,177,+44 1632 960523,cgodwyn4w@squidoo.com
Wilbur,Lattin,178,+44 1632 960952,wlattin4x@adobe.com
Cammy,Hymas,179,+44 1632 960071,chymas4y@dailymail.co.uk
Ebony,Prantoni,180,+44 1632 960675,eprantoni4z@multiply.com
Shermie,Benet,181,+44 1632 960413,sbenet50@tiny.cc
Gothart,Ardling,182,+44 1632 960951,gardling51@merriam-webster.com
Jake,Basterfield,183,+86 741 910 8114,jbasterfield52@vinaora.com
Roma,Odby,184,+7 427 847 8091,rodby53@cocolog-nifty.com
Ettore,Hambrook,185,+46 678 219 9340,ehambrook54@census.gov
Conan,Charley,186,+7 543 818 6255,ccharley55@amazon.de
Tedman,Shreeve,187,+420 592 956 5293,tshreeve56@miibeian.gov.cn
Todd,Andrey,188,+47 880 365 1008,tandrey57@t-online.de
Leela,Molden,189,+992 970 365 6008,lmolden58@odnoklassniki.ru
Abbi,Sundin,190,+44 1632 960780,asundin59@nps.gov
Mohandas,Crosston,191,+44 1632 960302,mcrosston5a@51.la
Raynell,Rutigliano,192,+44 1632 960986,rrutigliano5b@hhs.gov
Ursa,Jilkes,193,+44 1632 960100,ujilkes5c@psu.edu
Nickie,Bartkowiak,194,+44 1632 960418,nbartkowiak5d@google.co.jp
Rodrique,Cholwell,195,+44 1632 960931,rcholwell5e@mysql.com
Dorena,Spondley,196,+63 130 309 0768,dspondley5f@bloglovin.com
Misty,McCollum,197,+57 435 922 1528,mmccollum5g@nymag.com
Lenci,Ramshaw,198,+62 303 391 8088,lramshaw5h@geocities.jp
Gradeigh,Dickerson,199,+63 233 751 2478,gdickerson5i@ezinearticles.com
Maggie,Gounin,200,+60 692 760 8845,mgounin5j@e-recht24.de
